snr,clean_accuracy,blackbox_accuracy,drop,attack_success_rate
-20,7.0312,6.25,0.7812,22.2222
-18,12.1094,8.5938,3.5156,38.7097
-16,14.0625,12.5,1.5625,22.2222
-14,21.875,18.3594,3.5156,21.4286
-12,32.4219,32.0312,0.3906,12.0482
-10,46.0938,38.6719,7.4219,20.339
-8,53.5156,45.3125,8.2031,16.7883
-6,74.6094,71.4844,3.125,4.712
-4,91.7969,92.1875,-0.3906,0.0
-2,99.6094,99.2188,0.3906,0.3922
0,100.0,100.0,0.0,0.0
2,100.0,100.0,0.0,0.0
4,100.0,100.0,0.0,0.0
6,100.0,100.0,0.0,0.0
8,100.0,100.0,0.0,0.0
10,100.0,100.0,0.0,0.0
12,100.0,100.0,0.0,0.0
14,100.0,100.0,0.0,0.0
16,100.0,100.0,0.0,0.0
18,100.0,100.0,0.0,0.0
20,100.0,100.0,0.0,0.0
22,100.0,100.0,0.0,0.0
24,100.0,100.0,0.0,0.0
26,100.0,100.0,0.0,0.0
28,100.0,100.0,0.0,0.0
30,100.0,100.0,0.0,0.0
