snr,clean_accuracy,cw_accuracy,attack_success_rate,mean_linf,max_linf,mean_l2,max_l2
-20,7.0312,0.0,100.0,2.407714,3.133424,23.281252,24.507631
-18,12.1094,0.0,100.0,2.439694,3.312169,23.222731,25.116951
-16,14.0625,0.0,100.0,2.432275,3.412212,23.266695,24.778681
-14,21.875,0.0,100.0,2.451714,3.168119,23.28788,25.102135
-12,32.4219,0.0,100.0,2.424557,3.307064,23.278442,25.68256
-10,46.0938,0.0,100.0,2.439812,3.269284,23.354919,26.027264
-8,53.5156,0.0,100.0,2.470818,3.279061,23.679546,26.473763
-6,74.6094,0.0,100.0,2.464358,3.478329,23.708855,28.471478
-4,91.7969,0.0,100.0,2.512289,3.366226,24.518814,30.73884
-2,99.6094,0.0,100.0,2.521127,3.739778,26.003716,34.809891
0,100.0,4.6875,95.3125,2.416636,3.686542,26.484818,39.023308
2,100.0,16.4062,83.5938,2.05028,3.685874,23.801369,44.935955
4,100.0,22.6562,77.3438,1.763325,3.406945,22.324551,47.725605
6,100.0,23.8281,76.1719,1.674306,3.196388,23.098341,50.26836
8,100.0,26.1719,73.8281,1.554258,3.080059,22.633463,48.181675
10,100.0,28.5156,71.4844,1.450201,3.046183,21.677498,49.029419
12,100.0,30.8594,69.1406,1.359711,2.941936,20.824997,50.204346
14,100.0,28.125,71.875,1.415896,3.014679,21.699471,49.843105
16,100.0,28.9062,71.0938,1.408203,2.901169,22.012562,50.265583
18,100.0,23.0469,76.9531,1.492296,2.852904,23.642906,49.55592
20,100.0,25.3906,74.6094,1.476967,2.924867,23.241493,52.087944
22,100.0,27.7344,72.2656,1.393418,2.908606,21.500927,51.703053
24,100.0,24.2188,75.7812,1.45569,2.903326,22.594826,49.743031
26,100.0,25.0,75.0,1.407403,2.844576,22.214115,52.100773
28,100.0,25.0,75.0,1.456499,2.848175,22.939091,50.667561
30,100.0,25.7812,74.2188,1.418959,2.872563,22.254375,50.933998
