snr,clean_accuracy,attack_accuracy,drop,attack_success_rate
-20,7.0312,0.3906,6.6406,94.4444
-18,12.1094,1.5625,10.5469,87.0968
-16,14.0625,0.3906,13.6719,97.2222
-14,21.875,1.5625,20.3125,92.8571
-12,32.4219,4.6875,27.7344,85.5422
-10,46.0938,10.9375,35.1562,76.2712
-8,53.5156,22.2656,31.25,58.3942
-6,74.6094,41.4062,33.2031,44.5026
-4,91.7969,67.1875,24.6094,26.8085
-2,99.6094,91.7969,7.8125,7.8431
0,100.0,100.0,0.0,0.0
2,100.0,100.0,0.0,0.0
4,100.0,100.0,0.0,0.0
6,100.0,100.0,0.0,0.0
8,100.0,100.0,0.0,0.0
10,100.0,100.0,0.0,0.0
12,100.0,100.0,0.0,0.0
14,100.0,100.0,0.0,0.0
16,100.0,100.0,0.0,0.0
18,100.0,100.0,0.0,0.0
20,100.0,100.0,0.0,0.0
22,100.0,100.0,0.0,0.0
24,100.0,100.0,0.0,0.0
26,100.0,100.0,0.0,0.0
28,100.0,100.0,0.0,0.0
30,100.0,100.0,0.0,0.0
