snr,clean_accuracy,blackbox_accuracy,accuracy_drop,attack_success_rate,mean_linf,max_linf,mean_l2,max_l2
-20,0.0,0.0,0.0,0.0,0.02,0.02,0.653344,0.711832
-18,0.3906,0.0,0.3906,100.0,0.02,0.02,0.626932,0.715795
-16,0.3906,0.3906,0.0,0.0,0.02,0.02,0.627024,0.714885
-14,2.3438,1.9531,0.3906,33.3333,0.02,0.02,0.621832,0.709468
-12,8.9844,6.25,2.7344,34.7826,0.02,0.02,0.669978,0.720812
-10,23.0469,19.5312,3.5156,16.9492,0.02,0.02,0.626064,0.717363
-8,52.7344,49.2188,3.5156,8.1481,0.02,0.02,0.645617,0.72794
-6,88.2812,87.5,0.7812,1.7699,0.02,0.02,0.65872,0.720768
-4,86.3281,82.8125,3.5156,4.0724,0.02,0.02,0.691615,0.725001
-2,95.7031,94.9219,0.7812,0.8163,0.02,0.02,0.710474,0.736387
0,100.0,100.0,0.0,0.0,0.02,0.02,0.681945,0.715847
2,100.0,100.0,0.0,0.0,0.02,0.02,0.633393,0.723614
4,100.0,100.0,0.0,0.0,0.02,0.02,0.715535,0.733726
6,100.0,100.0,0.0,0.0,0.02,0.02,0.680545,0.728397
8,100.0,100.0,0.0,0.0,0.02,0.02,0.668865,0.70002
10,100.0,100.0,0.0,0.0,0.02,0.02,0.694419,0.712398
12,100.0,100.0,0.0,0.0,0.02,0.02,0.671613,0.719106
14,100.0,100.0,0.0,0.0,0.02,0.02,0.676564,0.715985
16,100.0,100.0,0.0,0.0,0.02,0.02,0.678294,0.717162
18,100.0,100.0,0.0,0.0,0.02,0.02,0.635425,0.710597
20,100.0,100.0,0.0,0.0,0.02,0.02,0.625209,0.709982
22,100.0,100.0,0.0,0.0,0.02,0.02,0.68226,0.718504
24,100.0,100.0,0.0,0.0,0.02,0.02,0.643764,0.703801
26,100.0,100.0,0.0,0.0,0.02,0.02,0.638571,0.709286
28,100.0,100.0,0.0,0.0,0.02,0.02,0.645815,0.69839
30,100.0,100.0,0.0,0.0,0.02,0.02,0.666883,0.714378
