snr,correct,total,accuracy
-20,614,14747,0.04163558689903031
-18,633,14748,0.04292107404393816
-16,649,14744,0.04401790558871405
-14,724,14744,0.04910472056429734
-12,958,14750,0.06494915254237288
-10,1576,14746,0.10687644106876441
-8,2650,14746,0.17970975179709753
-6,3763,14745,0.2552051542895897
-4,4671,14746,0.3167638681676387
-2,5983,14744,0.4057921866521975
0,7633,14742,0.5177723511056844
2,8652,14750,0.5865762711864406
4,10074,14746,0.6831683168316832
6,11341,14745,0.7691420820617159
8,12262,14745,0.8316039335367922
10,12400,14744,0.8410200759631037
12,12612,14745,0.8553407934893185
14,12697,14741,0.8613391221762431
16,12703,14747,0.8613955380755408
18,12721,14747,0.8626161253136231
20,12734,14745,0.8636147846727704
22,12690,14745,0.8606307222787386
24,12742,14746,0.8640987386409874
26,12695,14743,0.8610866173777386
28,12666,14746,0.8589447985894479
30,12714,14749,0.8620245440368839
