snr,clean_accuracy,fgsm_accuracy,drop,attack_success_rate
-20,0.046900000000000004,0.0391,0.0078000000000000005,0.16670000000000001
-18,0.0547,0.0391,0.015600000000000001,0.2857
-16,0.0547,0.0352,0.0195,0.35710000000000003
-14,0.043,0.0273,0.015600000000000001,0.3636
-12,0.08199999999999999,0.046900000000000004,0.0352,0.4286
-10,0.08199999999999999,0.0508,0.031200000000000002,0.381
-8,0.17579999999999998,0.1211,0.0547,0.3111
-6,0.2422,0.18359999999999999,0.058600000000000006,0.2419
-4,0.3281,0.24609999999999999,0.08199999999999999,0.25
-2,0.4531,0.3555,0.0977,0.2155
0,0.5352,0.3945,0.1406,0.26280000000000003
2,0.5468999999999999,0.42579999999999996,0.1211,0.2214
4,0.6758,0.5352,0.1406,0.20809999999999998
6,0.7852,0.6172,0.168,0.2139
8,0.875,0.6797,0.1953,0.2232
10,0.8477,0.6875,0.1602,0.1889
12,0.8438,0.7343999999999999,0.1094,0.12960000000000002
14,0.8203,0.7343999999999999,0.0859,0.1048
16,0.8711,0.7304999999999999,0.1406,0.16140000000000002
18,0.8398,0.75,0.0898,0.107
20,0.8593999999999999,0.7343999999999999,0.125,0.14550000000000002
22,0.8593999999999999,0.7695000000000001,0.0898,0.1045
24,0.8906000000000001,0.7852,0.10550000000000001,0.1184
26,0.8711,0.7265999999999999,0.1445,0.1659
28,0.8477,0.7227,0.125,0.1475
30,0.8906000000000001,0.7695000000000001,0.1211,0.136
