attack,snr,baseline_asr,robust_asr,gap
FGSM,-20,94.4444,16.67,77.7744
FGSM,-18,87.0968,28.57,58.5268
FGSM,-16,97.2222,35.71,61.5122
FGSM,-14,92.8571,36.36,56.4971
FGSM,-12,85.5422,42.86,42.6822
FGSM,-10,76.2712,38.1,38.1712
FGSM,-8,58.3942,31.11,27.2842
FGSM,-6,44.5026,24.19,20.3126
FGSM,-4,26.8085,25.0,1.8085
FGSM,-2,7.8431,21.55,-13.7069
FGSM,0,0.0,26.28,-26.28
FGSM,2,0.0,22.14,-22.14
FGSM,4,0.0,20.81,-20.81
FGSM,6,0.0,21.39,-21.39
FGSM,8,0.0,22.32,-22.32
FGSM,10,0.0,18.89,-18.89
FGSM,12,0.0,12.96,-12.96
FGSM,14,0.0,10.48,-10.48
FGSM,16,0.0,16.14,-16.14
FGSM,18,0.0,10.7,-10.7
FGSM,20,0.0,14.55,-14.55
FGSM,22,0.0,10.45,-10.45
FGSM,24,0.0,11.84,-11.84
FGSM,26,0.0,16.59,-16.59
FGSM,28,0.0,14.75,-14.75
FGSM,30,0.0,13.6,-13.6
PGD,-20,94.4444,25.0,69.4444
PGD,-18,83.871,21.43,62.441
PGD,-16,88.8889,28.57,60.3189
PGD,-14,85.7143,45.45,40.2643
PGD,-12,74.6988,52.38,22.3188
PGD,-10,60.1695,33.33,26.8395
PGD,-8,43.7956,26.67,17.1256
PGD,-6,33.5079,17.74,15.7679
PGD,-4,18.7234,23.81,-5.0866
PGD,-2,5.8824,18.1,-12.2176
PGD,0,0.0,18.98,-18.98
PGD,2,0.0,17.14,-17.14
PGD,4,0.0,18.5,-18.5
PGD,6,0.0,18.41,-18.41
PGD,8,0.0,17.41,-17.41
PGD,10,0.0,13.82,-13.82
PGD,12,0.0,9.72,-9.72
PGD,14,0.0,8.1,-8.1
PGD,16,0.0,11.66,-11.66
PGD,18,0.0,7.91,-7.91
PGD,20,0.0,12.27,-12.27
PGD,22,0.0,9.55,-9.55
PGD,24,0.0,8.33,-8.33
PGD,26,0.0,13.9,-13.9
PGD,28,0.0,10.14,-10.14
PGD,30,0.0,12.28,-12.28
MIM,-20,94.4444,25.0,69.4444
MIM,-18,80.6452,28.57,52.0752
MIM,-16,86.1111,21.43,64.6811
MIM,-14,83.9286,54.55,29.3786
MIM,-12,74.6988,47.62,27.0788
MIM,-10,61.8644,28.57,33.2944
MIM,-8,44.5255,26.67,17.8555
MIM,-6,32.4607,19.35,13.1107
MIM,-4,17.8723,23.81,-5.9377
MIM,-2,5.8824,18.97,-13.0876
MIM,0,0.0,18.98,-18.98
MIM,2,0.0,17.14,-17.14
MIM,4,0.0,18.5,-18.5
MIM,6,0.0,19.4,-19.4
MIM,8,0.0,18.3,-18.3
MIM,10,0.0,14.29,-14.29
MIM,12,0.0,9.72,-9.72
MIM,14,0.0,8.57,-8.57
MIM,16,0.0,11.21,-11.21
MIM,18,0.0,7.91,-7.91
MIM,20,0.0,12.27,-12.27
MIM,22,0.0,10.0,-10.0
MIM,24,0.0,8.33,-8.33
MIM,26,0.0,13.0,-13.0
MIM,28,0.0,8.76,-8.76
MIM,30,0.0,12.28,-12.28
C&W,-20,100.0,0.0,100.0
C&W,-18,100.0,100.0,0.0
C&W,-16,100.0,100.0,0.0
C&W,-14,100.0,100.0,0.0
C&W,-12,100.0,100.0,0.0
C&W,-10,100.0,100.0,0.0
C&W,-8,100.0,100.0,0.0
C&W,-6,100.0,100.0,0.0
C&W,-4,100.0,100.0,0.0
C&W,-2,100.0,100.0,0.0
C&W,0,95.3125,96.88,-1.5675
C&W,2,83.5938,96.88,-13.2862
C&W,4,77.3438,100.0,-22.6562
C&W,6,76.1719,96.88,-20.7081
C&W,8,73.8281,100.0,-26.1719
C&W,10,71.4844,96.88,-25.3956
C&W,12,69.1406,96.88,-27.7394
C&W,14,71.875,96.88,-25.005
C&W,16,71.0938,100.0,-28.9062
C&W,18,76.9531,96.88,-19.9269
C&W,20,74.6094,100.0,-25.3906
C&W,22,72.2656,100.0,-27.7344
C&W,24,75.7812,93.75,-17.9688
C&W,26,75.0,96.88,-21.88
C&W,28,75.0,93.75,-18.75
C&W,30,74.2188,93.75,-19.5312
Black-box,-20,22.2222,0.0,22.2222
Black-box,-18,38.7097,100.0,-61.2903
Black-box,-16,22.2222,0.0,22.2222
Black-box,-14,21.4286,33.3333,-11.9047
Black-box,-12,12.0482,34.7826,-22.7344
Black-box,-10,20.339,16.9492,3.3898
Black-box,-8,16.7883,8.1481,8.6402
Black-box,-6,4.712,1.7699,2.9421
Black-box,-4,0.0,4.0724,-4.0724
Black-box,-2,0.3922,0.8163,-0.4241
Black-box,0,0.0,0.0,0.0
Black-box,2,0.0,0.0,0.0
Black-box,4,0.0,0.0,0.0
Black-box,6,0.0,0.0,0.0
Black-box,8,0.0,0.0,0.0
Black-box,10,0.0,0.0,0.0
Black-box,12,0.0,0.0,0.0
Black-box,14,0.0,0.0,0.0
Black-box,16,0.0,0.0,0.0
Black-box,18,0.0,0.0,0.0
Black-box,20,0.0,0.0,0.0
Black-box,22,0.0,0.0,0.0
Black-box,24,0.0,0.0,0.0
Black-box,26,0.0,0.0,0.0
Black-box,28,0.0,0.0,0.0
Black-box,30,0.0,0.0,0.0
