snr,clean_accuracy,fgsm_accuracy,fgsm_asr,pgd_accuracy,pgd_asr,mim_accuracy,mim_asr,cw_accuracy,cw_asr,cw_mean_linf,cw_max_linf,cw_mean_l2,cw_max_l2,clean_accuracy_pct,fgsm_accuracy_pct,pgd_accuracy_pct,mim_accuracy_pct,cw_accuracy_pct,fgsm_asr_pct,pgd_asr_pct,mim_asr_pct,cw_asr_pct
-20,0.04163559,0.04690000,0.16670000,0.04690000,0.25000000,0.04690000,0.25000000,0.00000000,0.00000000,0.00000000,0.00000000,0.00000000,0.00000000,4.16355869,4.69000000,4.69000000,4.69000000,0.00000000,16.67000000,25.00000000,25.00000000,0.00000000
-18,0.04292107,0.05470000,0.28570000,0.05470000,0.21430000,0.05470000,0.28570000,0.03120000,1.00000000,2.54705500,2.65993500,23.46860000,23.77070000,4.29210740,5.47000000,5.47000000,5.47000000,3.12000000,28.57000000,21.43000000,28.57000000,100.00000000
-16,0.04401791,0.05470000,0.35710000,0.05470000,0.28570000,0.05470000,0.21430000,0.06250000,1.00000000,2.24000700,2.51525200,22.81730000,22.93560000,4.40179056,5.47000000,5.47000000,5.47000000,6.25000000,35.71000000,28.57000000,21.43000000,100.00000000
-14,0.04910472,0.04300000,0.36360000,0.04300000,0.45450000,0.04300000,0.54550000,0.06250000,1.00000000,2.55214300,3.08217900,23.35530000,24.01120000,4.91047206,4.30000000,4.30000000,4.30000000,6.25000000,36.36000000,45.45000000,54.55000000,100.00000000
-12,0.06494915,0.08200000,0.42860000,0.08200000,0.52380000,0.08200000,0.47620000,0.07810000,1.00000000,2.50391900,2.58157900,23.25080000,23.72290000,6.49491525,8.20000000,8.20000000,8.20000000,7.81000000,42.86000000,52.38000000,47.62000000,100.00000000
-10,0.10687644,0.08200000,0.38100000,0.08200000,0.33330000,0.08200000,0.28570000,0.09380000,1.00000000,2.52055600,2.95707700,23.09480000,23.91960000,10.68764411,8.20000000,8.20000000,8.20000000,9.38000000,38.10000000,33.33000000,28.57000000,100.00000000
-8,0.17970975,0.17580000,0.31110000,0.17580000,0.26670000,0.17580000,0.26670000,0.15620000,1.00000000,2.31327100,2.63359000,22.79210000,23.47100000,17.97097518,17.58000000,17.58000000,17.58000000,15.62000000,31.11000000,26.67000000,26.67000000,100.00000000
-6,0.25520515,0.24220000,0.24190000,0.24220000,0.17740000,0.24220000,0.19350000,0.29690000,1.00000000,2.53000900,3.13490700,23.45520000,28.53690000,25.52051543,24.22000000,24.22000000,24.22000000,29.69000000,24.19000000,17.74000000,19.35000000,100.00000000
-4,0.31676387,0.32810000,0.25000000,0.32810000,0.23810000,0.32810000,0.23810000,0.31250000,1.00000000,2.53291900,3.09113900,25.35830000,30.33420000,31.67638682,32.81000000,32.81000000,32.81000000,31.25000000,25.00000000,23.81000000,23.81000000,100.00000000
-2,0.40579219,0.45310000,0.21550000,0.45310000,0.18100000,0.45310000,0.18970000,0.31250000,1.00000000,2.31474000,2.90642300,23.98480000,34.08120000,40.57921867,45.31000000,45.31000000,45.31000000,31.25000000,21.55000000,18.10000000,18.97000000,100.00000000
0,0.51777235,0.53520000,0.26280000,0.53520000,0.18980000,0.53520000,0.18980000,0.53120000,0.96880000,2.29101600,3.70138200,24.18640000,40.09360000,51.77723511,53.52000000,53.52000000,53.52000000,53.12000000,26.28000000,18.98000000,18.98000000,96.88000000
2,0.58657627,0.54690000,0.22140000,0.54690000,0.17140000,0.54690000,0.17140000,0.53120000,0.96880000,2.33146600,3.91315800,28.53380000,60.29740000,58.65762712,54.69000000,54.69000000,54.69000000,53.12000000,22.14000000,17.14000000,17.14000000,96.88000000
4,0.68316832,0.67580000,0.20810000,0.67580000,0.18500000,0.67580000,0.18500000,0.70310000,1.00000000,2.16684000,3.93082700,26.62500000,68.55000000,68.31683168,67.58000000,67.58000000,67.58000000,70.31000000,20.81000000,18.50000000,18.50000000,100.00000000
6,0.76914208,0.78520000,0.21390000,0.78520000,0.18410000,0.78520000,0.19400000,0.65620000,0.96880000,2.03225700,4.50182900,30.22510000,90.86750000,76.91420821,78.52000000,78.52000000,78.52000000,65.62000000,21.39000000,18.41000000,19.40000000,96.88000000
8,0.83160393,0.87500000,0.22320000,0.87500000,0.17410000,0.87500000,0.18300000,0.87500000,1.00000000,1.97580500,6.26600100,29.34690000,152.93970000,83.16039335,87.50000000,87.50000000,87.50000000,87.50000000,22.32000000,17.41000000,18.30000000,100.00000000
10,0.84102008,0.84770000,0.18890000,0.84770000,0.13820000,0.84770000,0.14290000,0.93750000,0.96880000,1.60459600,3.27331600,23.77420000,52.74360000,84.10200760,84.77000000,84.77000000,84.77000000,93.75000000,18.89000000,13.82000000,14.29000000,96.88000000
12,0.85534079,0.84380000,0.12960000,0.84380000,0.09720000,0.84380000,0.09720000,0.76560000,0.96880000,2.68855600,14.09770900,57.92320000,405.96320000,85.53407935,84.38000000,84.38000000,84.38000000,76.56000000,12.96000000,9.72000000,9.72000000,96.88000000
14,0.86133912,0.82030000,0.10480000,0.82030000,0.08100000,0.82030000,0.08570000,0.85940000,0.96880000,2.21275700,13.64156800,41.74140000,369.59970000,86.13391222,82.03000000,82.03000000,82.03000000,85.94000000,10.48000000,8.10000000,8.57000000,96.88000000
16,0.86139554,0.87110000,0.16140000,0.87110000,0.11660000,0.87110000,0.11210000,0.93750000,1.00000000,2.33331700,10.87987300,45.30910000,378.93810000,86.13955381,87.11000000,87.11000000,87.11000000,93.75000000,16.14000000,11.66000000,11.21000000,100.00000000
18,0.86261613,0.83980000,0.10700000,0.83980000,0.07910000,0.83980000,0.07910000,0.89060000,0.96880000,2.34250200,9.50665600,48.55480000,300.45970000,86.26161253,83.98000000,83.98000000,83.98000000,89.06000000,10.70000000,7.91000000,7.91000000,96.88000000
20,0.86361478,0.85940000,0.14550000,0.85940000,0.12270000,0.85940000,0.12270000,0.92190000,1.00000000,1.74890800,5.69607600,29.43430000,207.03910000,86.36147847,85.94000000,85.94000000,85.94000000,92.19000000,14.55000000,12.27000000,12.27000000,100.00000000
22,0.86063072,0.85940000,0.10450000,0.85940000,0.09550000,0.85940000,0.10000000,0.87500000,1.00000000,2.31961300,17.97762500,44.04150000,565.37490000,86.06307223,85.94000000,85.94000000,85.94000000,87.50000000,10.45000000,9.55000000,10.00000000,100.00000000
24,0.86409874,0.89060000,0.11840000,0.89060000,0.08330000,0.89060000,0.08330000,0.90620000,0.93750000,2.10605200,9.13514500,38.65070000,286.61850000,86.40987386,89.06000000,89.06000000,89.06000000,90.62000000,11.84000000,8.33000000,8.33000000,93.75000000
26,0.86108662,0.87110000,0.16590000,0.87110000,0.13900000,0.87110000,0.13000000,0.82810000,0.96880000,2.08507000,9.67306500,39.92580000,288.64180000,86.10866174,87.11000000,87.11000000,87.11000000,82.81000000,16.59000000,13.90000000,13.00000000,96.88000000
28,0.85894480,0.84770000,0.14750000,0.84770000,0.10140000,0.84770000,0.08760000,0.87500000,0.93750000,1.59988900,3.35243100,25.65630000,91.75990000,85.89447986,84.77000000,84.77000000,84.77000000,87.50000000,14.75000000,10.14000000,8.76000000,93.75000000
30,0.86202454,0.89060000,0.13600000,0.89060000,0.12280000,0.89060000,0.12280000,0.87500000,0.93750000,2.19023300,11.41870200,46.48930000,334.03300000,86.20245440,89.06000000,89.06000000,89.06000000,87.50000000,13.60000000,12.28000000,12.28000000,93.75000000
