snr,clean_accuracy,mim_accuracy,drop,attack_success_rate
-20,0.046900000000000004,0.0352,0.011699999999999999,0.25
-18,0.0547,0.0391,0.015600000000000001,0.2857
-16,0.0547,0.043,0.011699999999999999,0.2143
-14,0.043,0.0195,0.023399999999999997,0.5455
-12,0.08199999999999999,0.043,0.0391,0.47619999999999996
-10,0.08199999999999999,0.058600000000000006,0.023399999999999997,0.2857
-8,0.17579999999999998,0.12890000000000001,0.046900000000000004,0.2667
-6,0.2422,0.1953,0.046900000000000004,0.1935
-4,0.3281,0.25,0.0781,0.23809999999999998
-2,0.4531,0.36719999999999997,0.0859,0.18969999999999998
0,0.5352,0.4336,0.1016,0.1898
2,0.5468999999999999,0.4531,0.09380000000000001,0.1714
4,0.6758,0.5508,0.125,0.185
6,0.7852,0.6328,0.1523,0.19399999999999998
8,0.875,0.7148,0.1602,0.183
10,0.8477,0.7265999999999999,0.1211,0.1429
12,0.8438,0.7617,0.08199999999999999,0.09720000000000001
14,0.8203,0.75,0.0703,0.0857
16,0.8711,0.7734000000000001,0.0977,0.1121
18,0.8398,0.7734000000000001,0.0664,0.0791
20,0.8593999999999999,0.7539,0.10550000000000001,0.12269999999999999
22,0.8593999999999999,0.7734000000000001,0.0859,0.1
24,0.8906000000000001,0.8164,0.0742,0.0833
26,0.8711,0.7578,0.1133,0.13
28,0.8477,0.7734000000000001,0.0742,0.0876
30,0.8906000000000001,0.7812,0.1094,0.12279999999999999
