snr,clean_accuracy,pgd_accuracy,drop,attack_success_rate
-20,0.046900000000000004,0.0352,0.011699999999999999,0.25
-18,0.0547,0.043,0.011699999999999999,0.2143
-16,0.0547,0.0391,0.015600000000000001,0.2857
-14,0.043,0.023399999999999997,0.0195,0.4545
-12,0.08199999999999999,0.0391,0.043,0.5238
-10,0.08199999999999999,0.0547,0.0273,0.3333
-8,0.17579999999999998,0.12890000000000001,0.046900000000000004,0.2667
-6,0.2422,0.19920000000000002,0.043,0.17739999999999997
-4,0.3281,0.25,0.0781,0.23809999999999998
-2,0.4531,0.3711,0.08199999999999999,0.18100000000000002
0,0.5352,0.4336,0.1016,0.1898
2,0.5468999999999999,0.4531,0.09380000000000001,0.1714
4,0.6758,0.5508,0.125,0.185
6,0.7852,0.6406000000000001,0.1445,0.1841
8,0.875,0.7227,0.1523,0.1741
10,0.8477,0.7304999999999999,0.11720000000000001,0.1382
12,0.8438,0.7617,0.08199999999999999,0.09720000000000001
14,0.8203,0.7539,0.0664,0.081
16,0.8711,0.7695000000000001,0.1016,0.1166
18,0.8398,0.7734000000000001,0.0664,0.0791
20,0.8593999999999999,0.7539,0.10550000000000001,0.12269999999999999
22,0.8593999999999999,0.7773,0.08199999999999999,0.0955
24,0.8906000000000001,0.8164,0.0742,0.0833
26,0.8711,0.75,0.1211,0.139
28,0.8477,0.7617,0.0859,0.1014
30,0.8906000000000001,0.7812,0.1094,0.12279999999999999
